score,score_family,pr_auc,roc_auc,precision_at_pos_k,recall_at_pos_k,precision_at_prior_rate,recall_at_prior_rate,f2_at_prior_rate
score_rule_directional,global_rule,0.9272414709734946,0.9918024372717809,0.8378378378378378,0.8378378378378378,0.8378378378378378,0.8378378378378378,0.8378378378378378
score_hdbscan_cluster_aware_rule,cluster_aware_rule,0.868435603431038,0.9891139104378388,0.8018018018018018,0.8018018018018018,0.8018018018018018,0.8018018018018018,0.8018018018018018
score_gmm_cluster_aware_rule,cluster_aware_rule,0.3244552526521952,0.6204411139299908,0.3153153153153153,0.3153153153153153,0.3153153153153153,0.3153153153153153,0.3153153153153153
